education,social,productivity,entertainment,health,news,shopping,gender_male,gender_female,total_screen_time,high_productivity
0.076826704,0.492805103,0.215572366,0.149463322,0.027770309,0.02776563,0.009796565,TRUE,FALSE,0.601115012,0
0.171387471,0.002895221,0.487687979,0.24866731,0.033224825,0.027934102,0.028203092,FALSE,TRUE,0.524756432,1
0.165502398,0.100735627,0.276952049,0.043965597,0.101113878,0.133527895,0.178202557,FALSE,TRUE,0.199673782,1
0.123839895,0.153936846,0.008157984,0.160425022,0.032066935,0.011536872,0.510036446,FALSE,TRUE,0.385416503,0
0.003478504,0.056737721,0.059603673,0.24847235,0.203500549,0.387059371,0.041147833,FALSE,TRUE,0.182236088,0
0.255551207,0.100490223,0.042311993,0.152214893,0.005774339,0.335229327,0.108428017,FALSE,TRUE,0.926658866,1
0.133110798,0.040501192,0.086570263,0.075373094,0.33281936,0.190692305,0.140932987,TRUE,FALSE,0.586751166,1
0.58786852,0.163432402,0.056510412,0.061480182,0.031608062,0.002757597,0.096342826,FALSE,TRUE,0.293488175,1
0.001857989,0.029049017,0.162806303,0.204601109,0.12202852,0.341695134,0.137961927,TRUE,FALSE,0.850038578,0
0.13037234,0.02190358,0.10121006,0.241408529,0.239491609,0.19545156,0.070162322,TRUE,FALSE,0.382926875,0
0.415499932,0.220248154,0.149072581,0.031368616,0.034473027,0.004810013,0.144527678,FALSE,TRUE,0.439336502,1
0.036183329,0.363141444,0.103599818,0.133053114,0.190980545,0.024098006,0.148943744,TRUE,FALSE,0.203061225,0
0.33563415,0.107118454,0.139165182,0.249094851,0.114817002,0.041096981,0.01307338,FALSE,TRUE,0.218440437,1
0.084966728,0.33877363,0.061836667,0.020536196,0.069477508,0.37431258,0.050096691,FALSE,TRUE,0.000520377,0
0.111524534,0.093255991,0.046152675,0.195927671,0.170145577,0.302467266,0.080526285,TRUE,FALSE,0.168291042,0
0.072269921,0.239069734,0.151414201,0.019640622,0.085746862,0.082997839,0.348860821,TRUE,FALSE,0.14808693,0
0.501412377,0.025538125,0.30908514,0.043568172,0.002765991,0.034831105,0.082799089,TRUE,FALSE,0.48945276,1
0.466232731,0.030446008,0.122506417,0.157521093,0.029807564,0.143114726,0.05037146,FALSE,TRUE,0.398824442,1
0.21991067,0.207719906,0.021192788,0.09206534,0.154390661,0.253547645,0.051172989,TRUE,FALSE,0.711149532,0
0.205603677,0.053162392,0.012538924,0.349946044,0.062841062,0.090431847,0.225476054,FALSE,TRUE,0.735216119,0
0.031653678,0.105222824,0.160600342,0.035018889,0.025954399,0.543438755,0.098111112,TRUE,FALSE,0.093102768,1
0.227586414,0.230752565,0.100299645,0.041418135,0.042970751,0.129488698,0.227483793,FALSE,TRUE,0.779875546,1
0.2219553,0.01898942,0.038089193,0.494382946,0.201469697,0.00199626,0.023117183,TRUE,FALSE,0.005061584,0
0.035246719,0.159972664,0.236695705,0.212193342,0.051055859,0.250387408,0.054448304,FALSE,TRUE,0.746491405,0
0.183431563,0.330904963,0.18746119,0.146924568,0.017202746,0.080177459,0.05389751,FALSE,TRUE,0.973010555,0
0.066201148,0.295096314,0.132211321,0.2099593,0.092587861,0.114026299,0.089917757,FALSE,TRUE,0.722452115,0
0.033129175,0.002474453,0.104236284,0.019594757,0.283575773,0.309357113,0.247632445,FALSE,TRUE,0.015456617,1
0.20815264,0.044144733,0.268597209,0.261717568,0.151434497,0.027546201,0.038407152,TRUE,FALSE,0.316922005,1
0.027142139,0.11892487,0.402092103,0.174035076,0.123364122,0.0149403,0.13950139,TRUE,FALSE,0.140084015,1
0.099002496,0.284420018,0.182967304,0.161830397,0.164298785,0.060376641,0.047104359,TRUE,FALSE,0.256206944,0
0.335346579,0.030188694,0.001843738,0.350626165,0.076614397,0.026098209,0.179282219,FALSE,TRUE,0.886617149,0
0.003911625,0.12079077,0.080605821,0.155712169,0.055551941,0.023530678,0.559896995,FALSE,TRUE,0.860404618,0
0.073268172,0.010076037,0.091923369,0.195931321,0.100608431,0.447595758,0.080596913,TRUE,FALSE,0.457265162,0
0.243563049,0.02852886,0.069945786,0.158698631,0.019654679,0.018798457,0.460810539,FALSE,TRUE,0.041067517,1
0.142299373,0.158924775,0.381080783,0.080769071,0.056977067,0.023582484,0.156366445,TRUE,FALSE,0.058193596,1
0.334790656,0.07923704,0.037195829,0.01337416,0.027399542,0.37004206,0.137960713,FALSE,TRUE,0.554354053,1
0.250882956,0.144276354,0.075490873,0.116689735,0.376095341,0.003844824,0.032719916,TRUE,FALSE,0.040728802,1
0.357897562,0.22504853,0.118938413,0.019050756,0.125180308,0.118691526,0.035192905,TRUE,FALSE,0.398504734,1
0.156724199,0.165142927,0.007594782,0.07689151,0.161049299,0.114577733,0.31801955,TRUE,FALSE,0.162934427,0
0.011851154,0.166538012,0.004351174,0.142725278,0.456225976,0.138747236,0.079561169,TRUE,FALSE,0.811204177,0
0.274227455,0.156927964,0.274038376,0.168216375,0.036949827,0.051092044,0.038547959,FALSE,TRUE,0.038963132,1
0.201069367,0.085670238,0.222639578,0.101636781,0.238963601,0.086955177,0.063065258,FALSE,TRUE,0.692890359,1
0.050130879,0.32299137,0.004679691,0.063355251,0.401419287,0.092951761,0.06447176,FALSE,TRUE,0.575924575,0
0.229786882,0.023863389,0.050256843,0.151763539,0.352558686,0.144153565,0.047617095,TRUE,FALSE,0.754542874,1
0.013554137,0.289974192,0.087636578,0.218103109,0.048037762,0.28129965,0.061394573,TRUE,FALSE,0.905381976,0
0.010717701,0.043066873,0.335549223,0.336778256,0.095391946,0.111876532,0.066619469,FALSE,TRUE,0.328664545,0
0.172374408,0.215534932,0.242149105,0.240703126,0.014767548,0.10531704,0.009153841,FALSE,TRUE,0.441530501,0
0.40488673,0.080027055,0.023054234,0.028572482,0.265422141,0.178297084,0.019740275,FALSE,TRUE,0.700969131,1
0.009462742,0.216093101,0.153440857,0.010627974,0.011104594,0.540545137,0.058725596,FALSE,TRUE,0.812799567,0
0.256093021,0.371564269,0.121850569,0.041085834,0.007589573,0.130671733,0.071145,FALSE,TRUE,0.906354385,0
0.06737452,0.387800098,0.006526303,0.361422609,0.033121612,0.072296022,0.071458836,TRUE,FALSE,0.746044879,0
0.083053902,0.310635737,0.044564298,0.03191703,0.192515994,0.024007039,0.313306,TRUE,FALSE,0.969878827,0
0.003576397,0.179774057,0.060808497,0.401812985,0.006214364,0.065426338,0.282387363,TRUE,FALSE,0.629398638,0
0.187323601,0.095421393,0.155487427,0.138194243,0.364324703,0.0073222,0.051926433,FALSE,TRUE,0.890263784,1
0.15036567,0.239312428,0.080321928,0.051525988,0.154045437,0.107785452,0.216643097,TRUE,FALSE,0.974394808,0
0.444712043,0.124351356,0.079734932,0.038449418,0.174496526,0.119832021,0.018423704,TRUE,FALSE,0.822537243,1
0.284031218,0.122812846,0.090229948,0.051428433,0.2562408,0.190863671,0.004393084,FALSE,TRUE,0.810553331,1
0.333652689,0.01246222,0.068937601,0.036656185,0.267861593,0.141121684,0.139308028,TRUE,FALSE,0.414819502,1
0.017050506,0.003097757,0.106792313,0.089479164,0.436284226,0.304019575,0.043276459,TRUE,FALSE,0.94476573,1
0.263612281,0.039533027,0.083312454,0.019240634,0.428539588,0.129644356,0.036117659,FALSE,TRUE,0.046896468,1
0.056742254,0.004068426,0.125035657,0.117270666,0.322807387,0.066707903,0.307367708,TRUE,FALSE,0.088408223,1
0.199892277,0.113552112,0.083304045,0.069501425,0.195591347,0.12990535,0.208253444,FALSE,TRUE,0.617263712,1
0.443272671,0.105508466,0.11403003,0.091152865,0.010746916,0.145985435,0.089303617,FALSE,TRUE,0.910471278,1
0.045301767,0.094954121,0.153173806,0.203859496,0.078751787,0.23635873,0.187600293,FALSE,TRUE,0.045861266,0
0.225371682,0.099196213,0.054529187,0.201424138,0.097122006,0.179096268,0.143260506,TRUE,FALSE,0.400300489,0
0.125500026,0.020828715,0.125096151,0.05565141,0.217589523,0.07596688,0.379367295,TRUE,FALSE,0.168935063,1
0.159719914,0.09528558,0.045431985,0.062878903,0.302092402,0.113030899,0.221560318,FALSE,TRUE,0.690394829,1
0.005428246,0.217436421,0.133804572,0.0115446,0.279918717,0.343337406,0.008530039,FALSE,TRUE,0.80620128,0
0.315859373,0.046709349,0.05378959,0.105973282,0.151743273,0.22051804,0.105407093,FALSE,TRUE,0.747470938,1
0.006891262,0.053646293,0.230395907,0.415944624,0.132168105,0.140050922,0.020902888,TRUE,FALSE,0.397163833,0
0.021403227,0.2583299,0.03887865,0.16035855,0.354905498,0.01805154,0.148072637,TRUE,FALSE,0.342926864,0
0.110586684,0.075515141,0.180145686,0.11243317,0.151067517,0.22980355,0.140448251,TRUE,FALSE,0.564458543,1
0.086666877,0.074942126,0.418547228,0.170283162,0.05100727,0.125551265,0.073002072,TRUE,FALSE,0.101782473,1
0.045741953,0.077843146,0.048299873,0.056937928,0.092539785,0.05250147,0.626135844,TRUE,FALSE,0.018242481,0
0.072754538,0.359427303,0.138285331,0.052286587,0.151962611,0.000323835,0.224959795,FALSE,TRUE,0.722896097,0
0.173777009,0.128086681,0.077389049,0.06542893,0.184303659,0.02319364,0.347821032,TRUE,FALSE,0.199506927,1
0.161327783,0.091353865,0.148693293,0.176740405,0.011056327,0.085391933,0.325436395,TRUE,FALSE,0.593883098,1
0.111602597,0.146674061,0.192636271,0.192807409,0.05456654,0.279439165,0.022273956,TRUE,FALSE,0.76022786,0
0.088040404,0.062021501,0.051607828,0.041717696,0.25791925,0.17264979,0.326043531,TRUE,FALSE,0.730867475,1
0.384010092,0.027559778,0.009484081,0.186261631,0.117765132,0.254167942,0.020751344,TRUE,FALSE,0.20162732,1
0.027839354,0.027952985,0.262496903,0.17045109,0.115332038,0.069235959,0.32669167,FALSE,TRUE,0.816599439,1
0.132303418,0.10824495,0.14211534,0.082054396,0.314992662,0.159833227,0.060456007,TRUE,FALSE,0.383891221,1
0.092667401,0.279969314,0.115650676,0.014688475,0.332090265,0.11674688,0.048186987,TRUE,FALSE,0.620072756,0
0.113020546,0.332548214,0.230364123,0.024384261,0.055377067,0.042347783,0.201958005,FALSE,TRUE,0.714064082,0
0.136873578,0.282316151,0.021822751,0.154500964,0.095672756,0.122700467,0.186113332,TRUE,FALSE,0.539860637,0
0.117135714,0.092456953,0.259842005,0.002158735,0.160418441,0.146559219,0.221428933,TRUE,FALSE,0.826798828,1
0.392295705,0.051473003,0.031659792,0.067626378,0.041681732,0.11714618,0.298117211,FALSE,TRUE,0.100794603,1
0.044192616,0.193512293,0.134318086,0.016112185,0.375111587,0.233272672,0.003480561,TRUE,FALSE,0.57628836,0
0.105333451,0.062290556,0.150512212,0.307423783,0.293224552,0.06765077,0.013564675,FALSE,TRUE,0.838898086,0
0.019294765,0.367547516,0.295541873,0.106012322,0.129656902,0.073785312,0.00816131,FALSE,TRUE,0.802853449,0
0.00091678,0.080113689,0.100267644,0.152221266,0.498383177,0.083956964,0.084140481,TRUE,FALSE,0.452217941,0
0.051929667,0.122949988,0.030992536,0.039614309,0.140833824,0.110822813,0.502856862,TRUE,FALSE,0.277587173,0
0.029869975,0.028732725,0.086991235,0.445884338,0.073815874,0.097914998,0.236790857,TRUE,FALSE,0.299595912,0
0.072963688,0.099593196,0.109453953,0.316333739,0.084541984,0.124214258,0.19289918,FALSE,TRUE,0.836564813,0
0.165701945,0.065165505,0.234303587,0.140366548,0.143083597,0.122772897,0.12860592,TRUE,FALSE,0.334362811,1
0.007626454,0.135941264,0.030879384,0.221219967,0.07264204,0.156713737,0.374977153,FALSE,TRUE,0.86699376,0
0.135795994,0.207841096,0.075868504,0.056548162,0.182424095,0.234171782,0.107350368,TRUE,FALSE,0.887460483,0
0.057833154,0.090697746,0.116324414,0.318859902,0.065706662,0.116887188,0.233690934,FALSE,TRUE,0.204984295,0
0.109230845,0.71363077,0.004120456,0.028143233,0.073375078,0.008466392,0.063033226,TRUE,FALSE,0.421424551,0
0.352413674,0.26854179,0.066045745,0.047421852,0.075404071,0.140897973,0.049274894,TRUE,FALSE,0.409411652,1
0.096618048,0.068929377,0.041964565,0.356755039,0.173519458,0.018161526,0.244051986,TRUE,FALSE,0.799855256,0
0.177400981,0.00728035,0.100240543,0.249908224,0.32154359,0.095548605,0.048077708,FALSE,TRUE,0.984402181,1
0.158293513,0.039972612,0.067459648,0.003939198,0.521400133,0.026587105,0.182347792,FALSE,TRUE,0.554178003,1
0.138904085,0.233346511,0.030472836,0.001457293,0.019402242,0.303508703,0.272908329,FALSE,TRUE,0.60051686,0
0.1970583,0.034740781,0.442896075,0.097762079,0.087042163,0.131833576,0.008667026,TRUE,FALSE,0.082798668,1
0.22535028,0.068638778,0.120243972,0.083061981,0.107176082,0.309560607,0.085968302,FALSE,TRUE,0.476050402,1
0.163800468,0.415176845,0.198260124,0.0363772,0.004762144,0.045723256,0.135899963,TRUE,FALSE,0.496366247,0
0.182909147,0.081914255,0.296714553,0.022695581,0.015727292,0.262283755,0.137755416,FALSE,TRUE,0.434827339,1
0.043905391,0.265363986,0.249331534,0.184136404,0.04929972,0.138463028,0.069499937,TRUE,FALSE,0.917313575,0
0.018154454,0.37023112,0.072874373,0.025261709,0.096327003,0.254571464,0.162579878,TRUE,FALSE,0.658783367,0
0.101961446,0.163664826,0.024850249,0.058156262,0.021629644,0.380277489,0.249460083,FALSE,TRUE,0.705575173,0
0.337458129,0.02591231,0.109190948,0.321490922,0.00449351,0.155538068,0.045916113,FALSE,TRUE,0.971058245,1
0.302008113,0.067245473,0.207199487,0.194711576,0.040203316,0.184687463,0.003944572,FALSE,TRUE,0.230008837,1
0.036170096,0.022543456,0.335490779,0.116925926,0.363209605,0.019028463,0.106631675,TRUE,FALSE,0.661655175,1
0.127235337,0.069784261,0.052890405,0.19888929,0.051359069,0.058900279,0.440941359,TRUE,FALSE,0.38396389,0
0.74547897,0.02006842,0.002634425,0.014960211,0.02562675,0.01059269,0.180638534,FALSE,TRUE,0.271686971,1
0.137128679,0.025963884,0.110688522,0.199556567,0.355737442,0.00090487,0.170020036,FALSE,TRUE,0.29630812,1
0.038511195,0.006224755,0.002610575,0.636877657,0.080799878,0.070207244,0.164768695,TRUE,FALSE,0.949961184,0
0.176055608,0.010684259,0.061662501,0.241024489,0.3302982,0.071862991,0.108411952,TRUE,FALSE,0.991168626,0
0.041941332,0.455162164,0.166915547,0.148933384,0.114403165,0.041733942,0.030910466,TRUE,FALSE,0.186438262,0
0.09731336,0.027733473,0.003834193,0.223751905,0.138502805,0.169090731,0.339773534,TRUE,FALSE,0.758238476,0
0.22785427,0.031976429,0.323741258,0.048634612,0.048480977,0.147331466,0.171980988,TRUE,FALSE,0.091486837,1
0.18258206,0.026848325,0.012063394,0.190986431,0.270975984,0.172328256,0.144215551,TRUE,FALSE,0.550857371,0
0.026471754,0.152717656,0.135642135,0.087489506,0.373858664,0.199235037,0.024585248,TRUE,FALSE,0.894479931,0
0.39703553,0.005290475,0.178718013,0.060481501,0.197479911,0.070581431,0.090413139,TRUE,FALSE,0.86449288,1
0.258547495,0.143849769,0.39568979,0.054957495,0.033432066,0.034142394,0.079380991,TRUE,FALSE,0.930090351,1
0.011595155,0.124448576,0.021742526,0.22119785,0.337115314,0.064925546,0.218975032,FALSE,TRUE,0.819946917,0
0.048125898,0.443773321,0.000207783,0.150606632,0.262004445,0.055496097,0.039785824,FALSE,TRUE,0.326433577,0
0.22771726,0.034165243,0.131175928,0.002529008,0.473814222,0.038149741,0.092448599,FALSE,TRUE,0.432240784,1
0.256431078,0.069631809,0.027671794,0.19598714,0.217496843,0.026696053,0.206085282,TRUE,FALSE,0.166377587,1
0.147112021,0.123058293,0.064040604,0.005955043,0.007748142,0.190965629,0.461120268,TRUE,FALSE,0.445958307,1
0.163125694,0.141143979,0.075685185,0.010617132,0.269537758,0.072724435,0.267165817,FALSE,TRUE,0.00102948,1
0.021048501,0.07686921,0.351173538,0.013109036,0.234159418,0.091046387,0.21259391,FALSE,TRUE,0.839947165,1
0.173159493,0.030545954,0.016450796,0.236643244,0.38595154,0.003715821,0.153533152,FALSE,TRUE,0.857360092,0
0.380726067,0.162779969,0.066586236,0.042635746,0.044102032,0.146972854,0.156197096,FALSE,TRUE,0.868122813,1
0.313715893,0.206790287,0.159426191,0.195874126,0.043359264,0.05693904,0.023895199,TRUE,FALSE,0.453693635,1
0.086115848,0.002053642,0.181575069,0.0396954,0.276718224,0.390468551,0.023373267,TRUE,FALSE,0.001231835,1
0.205722448,0.21082157,0.064146314,0.184354852,0.057646609,0.039546072,0.237762135,FALSE,TRUE,0.433246749,0
0.36009847,0.014034147,0.054112854,0.098817842,0.043605341,0.318485223,0.110846124,TRUE,FALSE,0.757059268,1
0.330899993,0.258630638,0.139772289,0.150030504,0.017111824,0.011767274,0.091787479,FALSE,TRUE,0.482356382,1
0.029627308,0.053276009,0.18758023,0.355561843,0.009430487,0.09585638,0.268667744,TRUE,FALSE,0.824514047,0
0.056813033,0.049871414,0.486561525,0.028764334,0.15157658,0.221017916,0.005395197,TRUE,FALSE,0.951549974,1
0.015979188,0.272924271,0.108822638,0.115493251,0.114348538,0.042768475,0.329663638,FALSE,TRUE,0.62530466,0
0.204854692,0.126867188,0.088703981,0.144785469,0.107823333,0.12185701,0.205108326,TRUE,FALSE,0.526402661,1
0.311536982,0.020170421,0.014745004,0.067229404,0.041170277,0.486534086,0.058613826,FALSE,TRUE,0.744279066,1
0.4746623,0.131360909,0.010314638,0.040743887,0.004870835,0.244719731,0.093327699,TRUE,FALSE,0.650325686,1
0.050414426,0.258253302,0.016973961,0.007051693,0.067494756,0.140674379,0.459137484,FALSE,TRUE,0.742706521,0
0.063273628,0.048467365,0.052935342,0.501635695,0.004673312,0.230338422,0.098676236,FALSE,TRUE,0.72525766,0
0.072112969,0.223519923,0.249768444,0.059229375,0.035049762,0.097041146,0.263278382,TRUE,FALSE,0.622966584,1
0.151625337,0.200591759,0.021421727,0.191060472,0.364038391,0.030077384,0.041184929,FALSE,TRUE,0.180976953,0
0.2879127,0.101284147,0.042436563,0.305726718,0.088062384,0.108069426,0.066508061,TRUE,FALSE,0.163523873,0
0.067313551,0.47318435,0.040516135,0.145091176,0.053371501,0.20149001,0.019033277,TRUE,FALSE,0.453789541,0
0.067225997,0.019059654,0.046449105,0.183136522,0.102612881,0.44077949,0.140736351,FALSE,TRUE,0.617144987,0
0.261166818,0.038908615,0.03905621,0.007953377,0.283840209,0.232053241,0.137021531,FALSE,TRUE,0.585354364,1
0.323533848,0.036785917,0.01894475,0.050176661,0.00938213,0.120907819,0.440268874,TRUE,FALSE,0.122109914,1
0.067444114,0.30438538,0.042586655,0.079309218,0.004758372,0.017994075,0.483522187,TRUE,FALSE,0.004939981,0
0.330432071,0.111051577,0.22056851,0.066082504,0.07897707,0.073120487,0.119767782,TRUE,FALSE,0.02997359,1
0.048106157,0.159413441,0.029467812,0.146267737,0.457921239,0.012887764,0.145935849,FALSE,TRUE,0.868142254,0
0.021937424,0.132727519,0.204867124,0.325541576,0.129346168,0.0773524,0.108227789,TRUE,FALSE,0.570609747,0
0.004523924,0.391856159,0.171475388,0.165455867,0.035614577,0.157677027,0.073397057,TRUE,FALSE,0.10659303,0
0.065248822,0.452743248,0.003006213,0.229961196,0.031782377,0.124477604,0.092780539,TRUE,FALSE,0.738449209,0
0.239327598,0.05878259,0.044966457,0.125046679,0.187270669,0.163113387,0.18149262,TRUE,FALSE,0.817834216,1
0.036988119,0.227101252,0.001667963,0.113337304,0.131822668,0.145694906,0.343387788,TRUE,FALSE,0.596485475,0
0.160567672,0.119614783,0.003007086,0.180001093,0.037539954,0.20938377,0.289885642,TRUE,FALSE,0.542363665,0
0.30060318,0.18661709,0.244015604,0.166980003,0.011456771,0.016028223,0.074299129,FALSE,TRUE,0.476695475,1
0.072073121,0.114575613,0.197455068,0.180656259,0.105857011,0.248376926,0.081006002,TRUE,FALSE,0.07128027,0
0.52386468,0.180062942,0.08097096,0.037185809,0.110470167,0.036639173,0.030806269,FALSE,TRUE,0.523084725,1
0.152721308,0.365450982,0.104642999,0.119775168,0.012931607,0.174150534,0.070327402,FALSE,TRUE,0.823174016,0
0.112470423,0.020009578,0.298533139,0.244728109,0.031049819,0.053249282,0.23995965,FALSE,TRUE,0.962926875,1
0.081663487,0.202667965,0.098748741,0.005485242,0.123935462,0.373756933,0.11374217,FALSE,TRUE,0.593538569,0
0.199713512,0.131592233,0.024302258,0.05661264,0.298981749,0.185898494,0.102899115,TRUE,FALSE,0.302060502,1
0.161313803,0.233401696,0.136365561,0.203173244,0.178299047,0.019869467,0.067577183,TRUE,FALSE,0.235235585,0
0.45162965,0.142145487,0.170145846,0.043632048,0.083101158,0.058088994,0.051256817,FALSE,TRUE,0.256883848,1
0.24066747,0.014500199,0.036805744,0.077264215,0.218813609,0.271194622,0.140754141,TRUE,FALSE,0.692436151,1
0.628385085,0.018219973,0.014576343,0.170850412,0.11451178,0.042484671,0.010971735,TRUE,FALSE,0.894190875,1
0.098027148,0.179753144,0.118275416,0.201779208,0.03310904,0.336841789,0.032214255,FALSE,TRUE,0.233712082,0
0.117388058,0.320609756,0.159076,0.115087465,0.059265236,0.061217091,0.167356394,FALSE,TRUE,0.66183919,0
0.11663576,0.187505855,0.089464638,0.008866351,0.118102184,0.451874348,0.027550863,TRUE,FALSE,0.200933689,1
0.128209318,0.016984529,0.099980233,0.235747738,0.071338518,0.182643919,0.265095747,FALSE,TRUE,0.234642082,0
0.044163889,0.014328773,0.42377128,0.226787707,0.067277514,0.159899898,0.063770939,FALSE,TRUE,0.089124432,1
0.218291802,0.021189812,0.271249889,0.236248228,0.191300572,0.005711679,0.056008018,FALSE,TRUE,0.380909526,1
0.050587521,0.032507498,0.084814737,0.207591051,0.039039797,0.339599052,0.245860344,TRUE,FALSE,0.786275957,0
0.165863533,0.162242662,0.096255908,0.134961204,0.098221241,0.150581574,0.191873878,FALSE,TRUE,0.532481193,0
0.323073512,0.03850168,0.060222183,0.431704708,0.098431127,0.005854486,0.042212304,FALSE,TRUE,0.957322888,0
0.130580526,0.414119081,0.131344959,0.100142436,0.05776394,0.143051117,0.022997942,FALSE,TRUE,0.829332405,0
0.049213989,0.39332524,0.224676021,0.141383541,0.016725587,0.08380163,0.090873992,FALSE,TRUE,0.079965394,0
0.156050718,0.013545771,0.09389183,0.286833633,0.217351058,0.033866099,0.19846089,TRUE,FALSE,0.01768781,0
0.242187804,0.119116258,0.128223917,0.218152899,0.055888079,0.062456025,0.173975019,FALSE,TRUE,0.297355048,1
0.139477456,0.046383573,0.019224925,0.37835877,0.076445192,0.048515208,0.291594876,FALSE,TRUE,0.633189626,0
0.049949273,0.050886309,0.047943211,0.03667665,0.2049067,0.362033305,0.247604551,FALSE,TRUE,0.404798429,1
0.153735931,0.063334696,0.107966855,0.095160343,0.028191742,0.070894122,0.480716311,FALSE,TRUE,0.481344152,1
0.006643568,0.103140095,0.489666677,0.050555751,0.262736634,0.083076571,0.004180704,TRUE,FALSE,0.198856278,1
0.022849046,0.014902992,0.158808278,0.105710599,0.355299451,0.236640685,0.105788949,FALSE,TRUE,0.150048665,1
0.071358612,0.243027741,0.117481753,0.085694098,0.091190224,0.111821957,0.279425614,TRUE,FALSE,0.955334687,0
0.264871516,0.064920636,0.199626205,0.098606201,0.050357662,0.314904525,0.006713255,TRUE,FALSE,0.825132196,1
0.098153708,0.070065495,0.085810219,0.03693618,0.315907902,0.085939497,0.307186999,FALSE,TRUE,0.988275271,1
0.120705072,0.01010118,0.007988923,0.282603425,0.221752125,0.333902326,0.02294695,TRUE,FALSE,0.508579289,0
0.034428386,0.043516127,0.335474331,0.247973481,0.200293097,0.107544338,0.03077024,TRUE,FALSE,0.66030272,1
0.203176811,0.043284482,0.002975245,0.012052114,0.483189171,0.049221729,0.206100448,TRUE,FALSE,0.38193964,1
0.049678775,0.027918143,0.20592785,0.32144967,0.222757252,0.163022692,0.009245619,TRUE,FALSE,0.12523357,0
0.110431845,0.020776273,0.114290202,0.434356698,0.126312061,0.164578821,0.029254101,TRUE,FALSE,0.110807962,0
0.278790383,0.030497204,0.144063045,0.243991664,0.150324409,0.054604344,0.097728951,TRUE,FALSE,0.675982276,1
0.07223211,0.001348821,0.514554565,0.117325648,0.040175243,0.222848439,0.031515174,FALSE,TRUE,0.636070764,1
0.036101117,0.554168517,0.199285506,0.117919624,0.028782031,0.008000222,0.055742982,TRUE,FALSE,0.269331298,0
0.103818766,0.174256317,0.015290549,0.154761985,0.012900128,0.449257716,0.089714539,FALSE,TRUE,0.342383636,0
0.115096144,0.306292,0.293507489,0.204239627,0.024159309,0.035464151,0.02124128,TRUE,FALSE,0.877138442,0
0.080769037,0.024901076,0.115946241,0.237134134,0.192218283,0.302797841,0.046233388,FALSE,TRUE,0.879816486,0
0.151417589,0.052618899,0.191613342,0.2385075,0.134857488,0.164518378,0.066466803,FALSE,TRUE,0.524159171,1
0.199259353,0.193777854,0.18907115,0.001173113,0.146413204,0.150340727,0.119964598,TRUE,FALSE,0.841970371,1
0.13393862,0.146958907,0.028075211,0.102589895,0.217310334,0.319512253,0.051614781,TRUE,FALSE,0.663042005,0
0.001164606,0.12159957,0.018259795,0.113006061,0.123823289,0.303577538,0.31856914,FALSE,TRUE,0.510109712,0
0.285592494,0.024436729,0.05676707,0.269733498,0.012055059,0.148150642,0.203264508,TRUE,FALSE,0.022932811,1
0.046435557,0.120870438,0.019271283,0.141994774,0.163652117,0.479644321,0.02813151,FALSE,TRUE,0.520296577,0
0.107675203,0.030062645,0.306281733,0.061950482,0.106926354,0.014873481,0.372230103,TRUE,FALSE,0.73361583,1
0.04274387,0.022884222,0.121894373,0.082334757,0.023579742,0.139094,0.567469035,TRUE,FALSE,0.571872271,1
0.234428338,0.053946324,0.118986577,0.107729726,0.007022477,0.00647838,0.471408179,FALSE,TRUE,0.518078766,1
0.043522295,0.346454929,0.036813368,0.068868809,0.252831804,0.226253228,0.025255569,FALSE,TRUE,0.937353294,0
0.14337654,0.1168127,0.005987727,0.274341771,0.281215015,0.177440117,0.00082613,FALSE,TRUE,0.225223702,0
0.033218917,0.120049538,0.603698681,0.15069038,0.003183137,0.078397359,0.010761988,FALSE,TRUE,0.275719853,1
0.036844635,0.176785736,0.420783201,0.053016982,0.064011646,0.212886042,0.035671758,TRUE,FALSE,0.853089623,1
0.011306983,0.229574269,0.19602757,0.100807799,0.089905287,0.350914276,0.021463816,FALSE,TRUE,0.732448732,0
0.101136289,0.017427219,0.272089115,0.063620618,0.223896293,0.197214509,0.124615956,FALSE,TRUE,0.97955084,1
0.01779154,0.146722686,0.024105441,0.046904801,0.041939525,0.333778768,0.388757239,TRUE,FALSE,0.151246829,0
0.04185714,0.047377485,0.311711249,0.135057622,0.121498003,0.019986808,0.322511693,TRUE,FALSE,0.791699988,1
0.140103289,0.167060112,0.045128022,0.330360522,0.098524346,0.026745062,0.192078646,FALSE,TRUE,0.462295561,0
0.098061898,0.19452488,0.145699982,0.011882185,0.132775412,0.303442614,0.113613029,TRUE,FALSE,0.8721357,1
0.156871286,0.283116354,0.279586046,0.003609,0.026898177,0.214786352,0.035132785,TRUE,FALSE,0.946637954,1
0.175400284,0.296652691,0.174334072,0.171709104,0.021115571,0.089917486,0.070870791,FALSE,TRUE,0.798344188,0
0.173764461,0.224506481,0.189217643,0.036636269,0.217336345,0.081321638,0.077217163,FALSE,TRUE,0.356670974,1
0.222441248,0.050806317,0.058798407,0.161586514,0.034222899,0.356837376,0.115307239,FALSE,TRUE,0.79326135,1
0.040094727,0.204853215,0.249043514,0.034126743,0.432165445,0.015962732,0.023753624,TRUE,FALSE,0.732635235,1
0.162822026,0.035625417,0.151966358,0.325703201,0.184362051,0.011869518,0.12765143,TRUE,FALSE,0.417760979,0
0.445189777,0.11848332,0.108227436,0.01950409,0.229625769,0.059944023,0.019025586,TRUE,FALSE,0.559755684,1
0.096236932,0.16315353,0.283717073,0.010623458,0.168832876,0.026647111,0.250789019,FALSE,TRUE,0.110748445,1
0.12282414,0.381586885,0.199536734,0.090874297,0.032483006,0.025287428,0.147407509,FALSE,TRUE,0.525434913,0
0.04662154,0.019943406,0.015179091,0.211284584,0.090681155,0.392336322,0.223953902,FALSE,TRUE,0.613777419,0
0.08671625,0.130565233,0.203159447,0.248840886,0.281492225,0.044432359,0.0047936,FALSE,TRUE,0.325104015,0
0.201306463,0.012533403,0.033376414,0.336166674,0.044745711,0.315007943,0.056863392,FALSE,TRUE,0.866386514,0
0.037408807,0.068866655,0.010936137,0.221967094,0.080869783,0.219445973,0.360505551,TRUE,FALSE,0.80739603,0
0.009893687,0.372138541,0.170875597,0.336753928,3.06E-05,0.030085062,0.080222581,FALSE,TRUE,0.226730383,0
0.120469816,0.034573886,0.133424286,0.406365681,0.163455604,0.004552732,0.137157995,FALSE,TRUE,0.966243411,0
0.009911272,0.089410517,0.26196988,0.127138654,0.087357503,0.132975608,0.291236565,TRUE,FALSE,0.559184807,1
0.260309128,0.20012653,0.265202345,0.157198069,0.064838414,0.03370316,0.018622354,FALSE,TRUE,0.046123564,1
0.153122509,0.061042513,0.318220092,0.014105427,0.046926718,0.239581056,0.167001685,FALSE,TRUE,0.852263874,1
0.172904011,0.141125505,0.349630711,0.032159266,0.012906509,0.042956848,0.24831715,FALSE,TRUE,0.582806835,1
0.492480661,0.176879494,0.067339272,0.006008227,0.162647093,0.083489564,0.011155689,TRUE,FALSE,0.032645678,1
0.227278744,0.007490376,0.349416599,0.002852091,0.132800844,0.009608385,0.270552961,TRUE,FALSE,0.137523775,1
0.060335542,0.026076057,0.027077516,0.428332658,0.085306235,0.225120347,0.147751644,FALSE,TRUE,0.104224803,0
0.059177562,0.081544709,0.12878261,0.366572888,0.111922349,0.165946444,0.086053438,FALSE,TRUE,0.070932216,0
0.053735098,0.082223492,0.117077443,0.008552719,0.027613211,0.059324434,0.651473604,TRUE,FALSE,0.482041058,1
0.088610649,0.383062568,0.133742944,0.094149952,0.295069381,0.002241277,0.003123228,TRUE,FALSE,0.843924613,0
0.12621258,0.233905373,0.217243785,0.092794397,0.190254173,0.017088233,0.122501458,TRUE,FALSE,0.284562302,1
0.256805571,0.114241993,0.3192015,0.128810262,0.004536536,0.169491666,0.006912471,TRUE,FALSE,0.929426694,1
0.027130115,0.074236035,0.196648161,0.32142207,0.167005291,0.044870262,0.168688066,TRUE,FALSE,0.71842923,0
0.326874576,0.135634214,0.210877549,0.000223524,0.134188391,0.187807363,0.004394384,FALSE,TRUE,0.256694228,1
0.138548576,0.203957958,0.137558702,0.012256689,0.11483126,0.100963246,0.29188357,FALSE,TRUE,0.321081097,1
0.177734844,0.068259111,0.133231471,0.133359803,0.280847098,0.117108325,0.089459347,TRUE,FALSE,0.154321565,1
0.016351703,0.088086925,0.117145082,0.065473409,0.153163097,0.41106771,0.148712074,FALSE,TRUE,0.532492699,0
0.097259173,0.014393672,0.083222637,0.393351053,0.269430702,0.039737936,0.102604828,TRUE,FALSE,0.067384555,0
0.073681967,0.287111578,0.077788691,0.012148063,0.117591017,0.297511581,0.134167102,FALSE,TRUE,0.38423962,0
0.105460265,0.152664588,0.251177059,0.01835839,0.388667032,0.002184125,0.081488539,FALSE,TRUE,0.688405018,1
0.112562646,0.043787013,0.135051624,0.036900704,0.529644436,0.101810305,0.040243272,FALSE,TRUE,0.645822386,1
0.226890197,0.093263964,0.016665568,0.118027826,0.083498961,0.253181569,0.208471916,FALSE,TRUE,0.217892554,1
0.571456352,0.078134292,0.150503845,0.019556977,0.085829047,0.003605353,0.090914133,TRUE,FALSE,0.384206713,1
0.014281701,0.01129024,0.176292427,0.06261167,0.008483943,0.506781122,0.220258898,FALSE,TRUE,0.900083183,1
0.009776857,0.247219869,0.029842386,0.173660637,0.073148987,0.138808123,0.327543141,TRUE,FALSE,0.961135485,0
0.125541627,0.123892593,0.105863658,0.198342215,0.042591364,0.20526139,0.198507152,TRUE,FALSE,0.833649962,0
0.257940834,0.159939945,0.133370039,0.096158372,0.026378404,0.186248029,0.139964377,TRUE,FALSE,0.557708826,1
0.10154111,0.20675004,0.035677057,0.139735001,0.234244451,0.1597575,0.12229484,TRUE,FALSE,0.880314762,0
0.232430591,0.200522892,0.230701777,0.053499475,0.119657002,0.009581796,0.153606466,FALSE,TRUE,0.227749736,1
0.288809269,0.208626834,0.111235859,0.066208596,0.177190812,0.012161308,0.135767321,TRUE,FALSE,0.794210663,1
0.030132377,0.195779083,0.269264655,0.015045827,0.058010961,0.37008138,0.061685717,FALSE,TRUE,0.588731522,1
0.10813263,0.077346799,0.052208246,0.329693198,0.112294347,0.164533541,0.155791239,TRUE,FALSE,0.894452557,0
0.056085852,0.053989046,0.084906848,0.082459678,0.151364191,0.059625358,0.511569028,FALSE,TRUE,0.003167849,1
0.172918538,0.059958313,0.046509624,0.063236377,0.050034648,0.0052904,0.602052101,TRUE,FALSE,0.019116094,1
0.124155067,0.223035944,0.24580572,0.22601089,0.027666828,0.068185802,0.085139748,TRUE,FALSE,0.278759872,0
0.01852473,0.24716559,0.000697005,0.479829046,0.088433102,0.138025728,0.027324799,TRUE,FALSE,0.737869519,0
0.206694383,0.155185003,0.01773335,0.161074655,0.168541357,0.123618906,0.167152346,TRUE,FALSE,0.613604114,0
0.038888,0.280286277,0.033879689,0.219414618,0.219105889,0.028623392,0.179802134,FALSE,TRUE,0.80823521,0
0.368860963,0.009384217,0.388004065,0.092430149,0.044512231,0.00999829,0.086810086,FALSE,TRUE,0.707086477,1
0.016032396,0.023550485,0.160421539,0.108882544,0.08228069,0.102638543,0.506193803,FALSE,TRUE,0.405102695,1
0.249877808,0.040969309,0.068351592,0.027064073,0.108054646,0.407970233,0.09771234,TRUE,FALSE,0.759611429,1
0.027206366,0.166357188,0.263733093,0.079115632,0.225273566,0.105774227,0.132539927,FALSE,TRUE,0.713952633,1
0.252007729,0.237497553,0.117198879,0.107031337,0.022471445,0.217640691,0.046152366,FALSE,TRUE,0.88199217,1
0.304949773,0.224694017,0.055655123,0.090449993,0.019044974,0.036807333,0.268398788,FALSE,TRUE,0.593485763,1
0.231619713,0.089678009,0.064460773,0.04262839,0.289011213,0.008845546,0.273756357,TRUE,FALSE,0.270393286,1
0.195619198,0.039757579,0.164515696,0.235253804,0.060159594,0.254594218,0.050099912,TRUE,FALSE,0.089289525,1
0.245145088,0.143685743,0.10350364,0.211377893,0.256815406,0.000922832,0.038549398,TRUE,FALSE,0.666385414,0
0.306809386,0.129828299,0.27311671,0.109968122,0.032097351,0.010098155,0.138081978,TRUE,FALSE,0.048186012,1
0.07251646,0.510433701,0.112738845,0.092101364,0.099414782,0.038065769,0.074729078,TRUE,FALSE,0.05235502,0
0.192683854,0.07113862,0.228050816,0.250824411,0.031461242,0.141434629,0.084406428,TRUE,FALSE,0.796240596,1
0.14377307,0.00375193,0.051469386,0.273791774,0.013773286,0.136951088,0.376489465,TRUE,FALSE,0.682193881,0
0.105479677,0.144593803,0.014902154,0.007343658,0.18363048,0.2895681,0.254482128,TRUE,FALSE,0.835480226,0
0.006526607,0.210129482,0.181437342,0.008605278,0.058557879,0.235371991,0.299371421,FALSE,TRUE,0.530937678,0
0.127604691,0.001407499,0.088033863,0.467184797,0.10329749,0.159723405,0.052748256,FALSE,TRUE,0.772921482,0
0.093694393,0.474438631,0.017063309,0.002173978,0.187009547,0.209331588,0.016288554,TRUE,FALSE,0.017552363,0
0.091101144,0.389277962,0.191493659,0.112277212,0.121971624,0.000355456,0.093522943,TRUE,FALSE,0.974194444,0
0.224755295,0.002858079,0.273899999,0.182988237,0.181440106,0.073311685,0.0607466,FALSE,TRUE,0.065694859,1
0.040185882,0.043922257,0.102653149,0.213454068,0.099596611,0.009242364,0.49094567,TRUE,FALSE,0.785189543,0
0.482890882,0.079978005,0.334692045,0.00799615,0.04629945,0.025975568,0.0221679,TRUE,FALSE,0.622413642,1
0.222496701,0.126379544,0.02326494,0.243940433,0.147898011,0.071907996,0.164112374,TRUE,FALSE,0.345192208,0
0.349653488,0.04810092,0.088977458,0.309537762,0.172395771,0.009000955,0.022333646,FALSE,TRUE,0.63092179,1
0.087681263,0.021297561,0.46801264,0.111415292,0.040904693,0.102561168,0.168127383,FALSE,TRUE,0.274703815,1
0.370943439,0.138818145,0.178365119,0.127882066,0.010123895,0.040867915,0.132999421,TRUE,FALSE,0.049979029,1
0.142102385,0.304282674,0.12066598,0.147234684,0.021215295,0.247704817,0.016794166,FALSE,TRUE,0.994819294,0
0.157271831,0.502087,0.106577416,0.037993849,0.072636523,0.113837789,0.009595592,FALSE,TRUE,0.014190049,0
0.15122586,0.1126444,0.037504804,0.102479343,0.043003391,0.261287991,0.291854211,TRUE,FALSE,0.854221906,0
0.166339308,0.041614456,0.02960932,0.068738698,0.170497809,0.36146551,0.161734898,FALSE,TRUE,0.603064306,1
0.227063933,0.193103171,0.059549017,0.1010477,0.205569997,0.005933825,0.207732357,FALSE,TRUE,0.514683617,0
0.225968971,0.040056671,0.038595222,0.070517997,0.307877748,6.06E-05,0.3169228,FALSE,TRUE,0.993255015,1
0.004906881,0.152843943,0.049631059,0.053214597,0.14987282,0.267629759,0.321900941,FALSE,TRUE,0.357121159,0
0.331771117,0.06190131,0.177828267,0.095109657,0.228945469,0.058890766,0.045553413,FALSE,TRUE,0.101803683,1
0.197441702,0.0698769,0.011118465,0.010271591,0.053940508,0.564402182,0.092948653,FALSE,TRUE,0.581622293,1
0.086894295,0.131405482,0.110113495,0.215350904,0.050274253,0.065949711,0.34001186,FALSE,TRUE,0.892558227,0
0.115108199,0.32086732,0.136938791,0.145688595,0.048477744,0.189320689,0.043598661,FALSE,TRUE,0.855030202,0
0.03801857,0.012095172,0.011716214,0.46314408,0.115858388,0.086291334,0.272876242,TRUE,FALSE,0.332191033,0
0.16712372,0.208327698,0.150209087,0.023226098,0.294785827,0.109430426,0.046897144,TRUE,FALSE,0.03757109,1
0.020931083,0.221912325,1.78E-06,0.082434806,0.113092352,0.008595543,0.553032111,TRUE,FALSE,0.30419872,0
0.054231987,0.039201716,0.000220762,0.195616337,0.509891497,0.038015514,0.162822188,TRUE,FALSE,0.848425379,0
0.111831478,0.073473275,0.080112503,0.253879915,0.345522345,0.040805738,0.094374746,FALSE,TRUE,0.405751169,0
0.049356693,0.284843455,0.154936319,0.032110209,0.09494325,0.106057189,0.277752885,TRUE,FALSE,0.269019647,0
0.102401863,0.04398692,0.139073285,0.092365037,0.063067606,0.418616455,0.140488835,TRUE,FALSE,0.102515964,1
0.081958178,0.080803774,0.052373263,0.307032339,0.19969971,0.135760049,0.142372688,TRUE,FALSE,0.122030494,0
0.04555321,0.647567934,0.143983648,0.010681326,0.018160121,0.0522581,0.081795662,FALSE,TRUE,0.15732628,0
0.024880269,0.284470073,0.218588717,0.112355514,0.156682384,0.073515872,0.129507172,FALSE,TRUE,0.387237271,0
0.280505681,0.001916006,0.180338163,0.015717144,0.189000187,0.113226617,0.219296202,FALSE,TRUE,0.70487101,1
0.171434003,0.079775891,0.344318817,0.005353134,0.07091427,0.127892584,0.2003113,FALSE,TRUE,0.800003482,1
0.185379443,0.116382824,0.032542908,0.461909367,0.03942709,0.085428265,0.078930104,TRUE,FALSE,0.501515461,0
0.007088077,0.036170366,0.263930882,0.183315385,0.386761172,0.095321845,0.027412272,FALSE,TRUE,0.186914441,1
0.003002904,0.074405724,0.031912854,0.079666439,0.410507927,0.084566276,0.315937876,FALSE,TRUE,0.247131555,0
0.154324275,0.030754283,0.142334275,0.397109279,0.026260385,0.080671796,0.168545708,TRUE,FALSE,0.784861823,0
0.126449727,0.011811218,0.145224384,0.14710856,0.087885527,0.443899376,0.037621209,TRUE,FALSE,0.980368741,1
0.010745075,0.112428705,0.030391802,0.542623229,0.018488245,0.079462482,0.205860463,FALSE,TRUE,0.422728637,0
0.153014621,0.182292033,0.11037797,0.082659973,0.237295705,0.112465263,0.121894436,FALSE,TRUE,0.968537332,0
0.169119096,0.014638763,0.014362609,0.55273963,0.064475506,0.017650601,0.167013795,TRUE,FALSE,0.64850482,0
0.042840698,0.002096339,0.461624615,0.039772511,0.155179736,0.168841494,0.129644607,TRUE,FALSE,0.271096254,1
0.087856929,0.19401639,0.28296798,0.01080209,0.016232047,0.279415629,0.128708935,TRUE,FALSE,0.202632634,1
0.179310547,0.244508062,0.230742914,0.106183095,0.003140849,0.17703598,0.059078553,TRUE,FALSE,0.957581015,1
0.067410407,0.242433021,0.027656945,0.147755447,0.499411811,0.014226368,0.001106001,FALSE,TRUE,0.74838435,0
0.404376554,0.093572509,0.049213764,0.093683603,0.211304167,0.001495225,0.146354178,TRUE,FALSE,0.637688247,1
0.052258196,0.236103551,0.018074547,0.041910483,0.395923637,0.253119345,0.002610241,TRUE,FALSE,0.015813196,0
0.014471929,0.436413207,0.079006316,0.099681993,0.043715084,0.16386713,0.16284434,FALSE,TRUE,0.333034872,0
0.336216426,0.075148324,0.105759131,0.051789395,0.240268013,0.078760709,0.112058001,FALSE,TRUE,0.291495741,1
0.168379741,0.063759016,0.026401194,0.183826716,0.046398768,0.229082951,0.282151614,TRUE,FALSE,0.035007915,0
0.183987681,0.062973133,0.245909533,0.120737998,0.213150928,0.082237522,0.091003204,TRUE,FALSE,0.783987359,1
0.102035894,0.130118545,0.288568392,0.171426651,0.042137069,0.167439873,0.098273575,FALSE,TRUE,0.028311274,1
0.046712924,0.065375032,0.24730278,0.002290282,0.104133917,0.510676162,0.023508902,TRUE,FALSE,0.786522382,1
0.300858665,0.144660318,0.134286378,0.184475376,0.062241436,0.172635628,0.000842199,FALSE,TRUE,0.44330651,1
0.122092991,0.044564798,0.205524496,0.012077033,0.31213739,0.266731729,0.036871564,TRUE,FALSE,0.326742542,1
0.058524531,0.094213961,0.37877492,0.279514442,0.014472581,0.066705028,0.107794537,TRUE,FALSE,0.193863068,1
0.200466698,0.115702936,0.186325031,0.200428634,0.141284285,0.059228741,0.096563676,TRUE,FALSE,0.673645417,1
0.06137517,0.367866167,0.081042976,0.038854014,0.056131744,0.000619566,0.394110363,FALSE,TRUE,0.51493335,0
0.051869583,0.025717842,0.005692925,0.053414934,0.652899919,0.081487424,0.128917375,FALSE,TRUE,0.519224571,0
0.170063982,0.051154659,0.010806046,0.090130955,0.048489635,0.04504624,0.584308482,TRUE,FALSE,0.556878443,1
0.104134965,0.108552344,0.150834437,0.230978243,0.234661393,0.036497278,0.134341341,FALSE,TRUE,0.575409387,0
0.001862832,0.241482915,0.099238282,0.056956796,0.225048191,0.048105614,0.32730537,TRUE,FALSE,0.11428577,0
0.126057272,0.098941623,0.129142553,0.263467662,0.130496843,0.082310135,0.169583912,TRUE,FALSE,0.885619764,0
0.030710257,0.153490588,0.261125433,0.160860663,0.146259644,0.170980985,0.076572429,FALSE,TRUE,0.203436475,0
0.028128732,0.069398765,0.156553705,0.14749402,0.354674599,0.107027878,0.136722301,TRUE,FALSE,0.409739236,0
0.414420463,0.00620741,0.130952563,0.092591342,0.017034724,0.259142954,0.079650544,FALSE,TRUE,0.847927884,1
0.057325915,0.290810961,0.043514018,0.052347537,0.329229487,0.019142275,0.207629807,TRUE,FALSE,0.44638689,0
0.016057313,0.289067617,0.207432843,0.271330248,0.103805812,0.102044828,0.010261338,TRUE,FALSE,0.929288402,0
0.082481343,0.307934193,0.31955724,0.080821364,0.17293136,0.017339303,0.018935197,TRUE,FALSE,0.581015093,1
0.109217317,0.156207876,0.144811657,0.084796229,0.222579215,0.279489082,0.002898624,FALSE,TRUE,0.713235868,1
0.125390793,0.27864226,0.109318383,0.127126083,0.044325988,0.076633888,0.238562606,FALSE,TRUE,0.774302683,0
0.283511395,0.115524128,0.210270869,0.054286528,0.079388125,0.18473727,0.072281686,TRUE,FALSE,0.185372779,1
0.098724231,0.213139815,0.218835122,0.138925062,0.147641278,0.088003769,0.094730723,TRUE,FALSE,0.821830947,0
0.130107352,0.192113183,0.038327982,0.142358792,0.037027269,0.337897265,0.122168157,FALSE,TRUE,0.269511862,0
0.037640604,0.210755323,0.043849992,0.160716693,0.054611423,0.192696004,0.299729961,FALSE,TRUE,0.760851331,0
0.072728379,0.032369769,0.419928273,0.160704323,0.198073006,0.011069316,0.105126933,TRUE,FALSE,0.879185773,1
0.039310523,0.114858838,0.005603694,0.154915149,0.054984239,0.321624359,0.308703199,TRUE,FALSE,0.900960896,0
0.53039477,0.166446751,0.177714541,0.027309121,0.081984202,0.006639799,0.009510816,FALSE,TRUE,0.326639249,1
0.116220347,0.138492183,0.164513101,0.50937217,0.023294347,0.003471088,0.044636763,FALSE,TRUE,0.891710865,0
0.648408338,0.178548423,0.004727935,0.028663682,0.128283014,0.005439155,0.005929453,FALSE,TRUE,0.706158502,1
0.072864296,0.028058474,0.141310054,0.001056927,0.549573502,0.105648771,0.101487976,TRUE,FALSE,0.06932833,1
0.138376774,0.179674562,0.153397806,0.020274185,0.117659918,0.114670474,0.275946281,FALSE,TRUE,0.371485944,1
0.149214255,0.155233524,0.098090986,0.090622816,0.10551983,0.305578136,0.095740454,TRUE,FALSE,0.504003764,1
0.272947244,0.163844542,0.041227172,0.182503927,0.010680656,0.237318209,0.091478251,TRUE,FALSE,0.644256724,0
0.438615836,0.008673041,0.096968829,0.165116151,0.199227829,0.064025157,0.027373157,FALSE,TRUE,0.579726157,1
0.107498113,0.529507792,0.011142761,0.206111597,0.004506209,0.033517684,0.107715843,FALSE,TRUE,0.685700543,0
0.195423863,0.082615887,0.248833477,0.173006019,0.071208662,0.145495912,0.083416179,TRUE,FALSE,0.592840181,1
0.103764249,0.012637034,0.007635428,0.130299135,0.020913494,0.220968032,0.50378263,FALSE,TRUE,0.65904541,0
0.029982931,0.251171179,0.274500365,0.027668838,0.168970738,0.042658985,0.205046963,TRUE,FALSE,0.030026005,1
0.23099679,0.098882079,0.36793643,0.063467857,0.190742175,0.006537025,0.041437644,TRUE,FALSE,0.975343133,1
0.233294526,0.262986131,0.381934339,0.01221948,0.066920202,0.010122977,0.032522345,TRUE,FALSE,0.469107211,1
0.033863679,0.011526131,0.019848872,0.017250973,0.391405354,0.154208801,0.37189619,FALSE,TRUE,0.278368482,1
0.458657446,0.113136481,0.101932463,0.075812984,0.039791854,0.0848983,0.125770473,FALSE,TRUE,0.975373277,1
0.02120551,0.259867379,0.17054849,0.009048005,0.491525369,0.036002399,0.011802848,TRUE,FALSE,0.706675534,0
0.237925908,0.042015879,0.161304042,0.375773624,0.0896573,0.092543818,0.000779429,TRUE,FALSE,0.441746492,0
0.56608977,0.068709117,0.17131941,0.045175116,0.061692183,0.028866653,0.058147749,TRUE,FALSE,0.991772881,1
0.165575627,0.033714844,0.006980166,0.020496256,0.125451903,0.219835783,0.427945421,TRUE,FALSE,0.522760142,1
0.098059091,0.164419834,0.126329546,0.178963269,0.165330685,0.019171238,0.247726337,TRUE,FALSE,0.698530625,0
0.056339933,0.075514484,0.244594176,0.230993216,0.178301502,0.074720137,0.139536552,FALSE,TRUE,0.644745249,0
0.068397794,0.210699506,0.121921534,0.283849648,0.039876477,0.221587857,0.053667185,TRUE,FALSE,0.2187098,0
0.021458344,0.185662767,0.035756831,0.278327587,0.3723916,0.090003,0.01639987,FALSE,TRUE,0.797732263,0
0.074739769,0.014859454,0.132813824,0.304427162,0.259404693,0.031423705,0.182331394,TRUE,FALSE,0.218207535,0
0.284975136,0.0395052,0.042016873,8.99E-05,0.281308134,0.216351171,0.135753593,TRUE,FALSE,0.152048567,1
0.129604174,0.091462832,0.020816048,0.140744631,0.535893097,0.008642634,0.072836583,TRUE,FALSE,0.238146654,0
0.369089819,0.097454604,0.096941843,0.220696935,0.025908663,0.103129082,0.086779054,FALSE,TRUE,0.999557703,1
0.319307514,0.110392254,0.382500139,0.040734524,0.006732532,0.049773547,0.090559491,TRUE,FALSE,0.615129141,1
0.45662039,0.134838396,0.131557455,0.009747959,0.006719781,0.151486173,0.109029846,TRUE,FALSE,0.796007402,1
0.204900263,0.035488289,0.059873501,0.091643738,0.217057037,0.360381491,0.030655681,FALSE,TRUE,0.695624652,1
0.226393954,0.053491041,0.013706215,0.201637993,0.252924197,0.056794107,0.195052492,TRUE,FALSE,0.835065945,0
0.449572401,0.078100112,0.065630888,0.237287399,0.096710388,0.015708367,0.056990444,FALSE,TRUE,0.030103872,1
0.331120119,0.112060029,0.275124867,0.031370514,0.096113094,0.115367788,0.03884359,FALSE,TRUE,0.947161463,1
0.247411569,0.153775381,0.037198079,0.037857608,0.378474506,0.001183253,0.144099604,FALSE,TRUE,0.622689541,1
0.679278029,0.055004737,0.061138335,0.012100363,0.086059522,0.044517363,0.061901652,TRUE,FALSE,0.935484514,1
0.045116313,0.102329636,0.579664263,0.014009413,0.021279,0.039015188,0.198586187,TRUE,FALSE,0.968076381,1
0.097263246,0.114403835,0.04654402,0.104626916,0.178207229,0.228583952,0.230370801,TRUE,FALSE,0.904359775,0
0.337586936,0.280887343,0.011357713,0.001370145,0.047412039,0.216235711,0.105150113,TRUE,FALSE,0.884586888,1
0.325443023,0.345560748,0.054265229,0.169205356,0.045658066,0.030463758,0.029403821,TRUE,FALSE,0.863135538,0
0.247106209,0.027210626,0.095079628,0.017773517,0.163834476,0.427920031,0.021075514,FALSE,TRUE,0.632238151,1
0.293253846,0.165516063,0.146844011,0.015499104,0.082268365,0.005118926,0.291499685,FALSE,TRUE,0.873019394,1
0.11335509,0.184135339,0.080987867,0.125870262,0.437590937,0.013218888,0.044841616,FALSE,TRUE,0.576857381,0
0.086032155,0.017434086,0.543692329,0.033343569,0.009602403,0.124648716,0.185246742,TRUE,FALSE,0.532291876,1
0.010801037,0.018766443,0.083168919,0.034831011,0.276056325,0.169239756,0.407136508,TRUE,FALSE,0.969723633,1
0.179478185,0.135804072,0.016431516,0.017241638,0.374579645,0.19476819,0.081696754,TRUE,FALSE,0.252858118,1
0.136990473,0.070738364,0.275725343,0.273173197,0.103129999,0.068670873,0.071571751,TRUE,FALSE,0.328179483,1
0.056139381,0.021181771,0.150480231,0.157512082,0.440023424,0.059853959,0.114809152,FALSE,TRUE,0.761883612,1
0.394897295,0.083764416,0.059316864,0.004387315,0.295183368,0.020681779,0.141768962,FALSE,TRUE,0.937108945,1
0.049246041,0.037872745,0.139928794,0.127251406,0.053193403,0.346930027,0.245577583,FALSE,TRUE,0.239142545,1
0.122073062,0.252513374,0.00765696,0.200945934,0.177620334,0.044760427,0.194429909,FALSE,TRUE,0.814671005,0
0.241504006,0.119318293,0.07524016,0.028559696,0.11186809,0.136030384,0.287479371,TRUE,FALSE,0.07010814,1
0.147899298,0.058995172,0.050156753,0.516432302,0.012591373,0.159768692,0.054156409,FALSE,TRUE,0.557040513,0
0.024840817,0.065888685,0.124115024,0.299504439,0.023507391,0.205133784,0.257009861,FALSE,TRUE,0.31658676,0
0.097028048,0.027633701,0.109033725,0.012690913,0.43791993,0.146464561,0.169229122,TRUE,FALSE,0.832929716,1
0.093696702,0.22450562,0.068045165,0.057445959,0.29728117,0.034871295,0.224154089,FALSE,TRUE,0.514095443,0
0.063483023,0.146479736,0.067701371,0.00689504,0.054637487,0.001101429,0.659701914,TRUE,FALSE,0.395155297,0
0.13791867,0.044905396,0.117671168,0.173225492,0.310360415,0.054093641,0.161825218,TRUE,FALSE,0.990332304,1
0.004136891,0.146596184,0.170714163,0.184585494,0.020325813,0.441966824,0.031674631,TRUE,FALSE,0.222676079,0
0.091369276,0.196826738,0.134401112,0.043469891,0.046665351,0.134807807,0.352459825,FALSE,TRUE,0.084127662,0
0.162545503,0.034381886,0.005445878,0.352783779,0.3002364,0.057921033,0.08668552,TRUE,FALSE,0.834947206,0
0.394504313,0.015618576,0.028250735,0.217614965,0.280055804,0.058381403,0.005574204,FALSE,TRUE,0.573949866,1
0.148088254,0.008626451,0.259727305,0.003372991,0.459413191,0.108578606,0.012193202,FALSE,TRUE,0.397684414,1
0.399438648,0.086171673,0.035305963,0.135552206,0.034740377,0.257292131,0.051499002,TRUE,FALSE,0.050573104,1
0.062717436,0.201698528,0.184998815,0.028687199,0.028943813,0.191983941,0.300970267,FALSE,TRUE,0.450058639,1
0.083863369,0.416709707,0.017768292,0.048311238,0.284433316,0.010726965,0.138187112,TRUE,FALSE,0.334401179,0
0.091021555,0.136925198,0.031920206,0.153925534,0.296919189,0.258976055,0.030312263,TRUE,FALSE,0.268174368,0
0.114948735,0.134719987,0.292136676,0.01497268,0.009054934,0.127641613,0.306525374,TRUE,FALSE,0.641504481,1
0.048900804,0.353065479,0.367380299,0.057341648,0.042478241,0.086115645,0.044717884,TRUE,FALSE,0.826064685,1
0.173832572,0.270411467,0.078642959,0.026427328,0.208215266,0.069501628,0.172968779,FALSE,TRUE,0.081229635,0
0.29128482,0.01008852,0.264836759,0.224798169,0.093791754,0.063980132,0.051219846,TRUE,FALSE,0.985174555,1
0.227891743,0.08887684,0.092244194,0.150419559,0.170752614,0.10833833,0.16147672,TRUE,FALSE,0.429622864,1
0.103322292,0.043698949,0.03312856,0.292025334,0.234269861,0.092404029,0.201150976,FALSE,TRUE,0.19500898,0
0.170752173,0.24554904,0.253526272,0.149188485,0.11590799,0.010180148,0.054895893,TRUE,FALSE,0.846887224,1
0.066324106,0.190912461,0.152593477,0.15634899,0.194105388,0.144898426,0.094817153,FALSE,TRUE,0.768581331,0
0.058756756,0.26999328,0.060856374,0.224850412,0.314854952,0.056530128,0.014158098,TRUE,FALSE,0.605996967,0
0.256582496,0.006239035,0.179529485,0.056578164,0.088231635,0.358170507,0.054668678,FALSE,TRUE,0.013682415,1
0.028828074,0.101331976,0.009566635,0.337986889,0.188240859,0.269039347,0.065006221,FALSE,TRUE,0.663824475,0
0.416015313,0.006403077,0.273635956,0.10645811,0.102723395,0.085862415,0.008901734,TRUE,FALSE,0.600912006,1
0.070284688,0.42007921,0.08796703,0.026067256,0.211422686,0.058528527,0.125650603,TRUE,FALSE,0.900264111,0
0.211624844,0.151953447,0.1533222,0.392957114,0.047241313,0.000149877,0.042751205,FALSE,TRUE,0.325823461,0
0.022049479,0.094201682,0.006999663,0.186127547,0.375806625,0.292840433,0.021974571,FALSE,TRUE,0.813434482,0
0.326868792,0.07821261,0.087544022,0.04853045,0.284615986,0.131154741,0.043073399,TRUE,FALSE,0.891200073,1
0.002539499,0.072086632,0.149515006,0.029676712,0.017873595,0.312427206,0.415881349,TRUE,FALSE,0.89878789,1
0.086559654,0.179760048,0.05207649,0.117936966,0.483069882,0.027493673,0.053103286,FALSE,TRUE,0.138015487,0
0.009923728,0.207880831,0.441912752,0.060912114,0.010771565,0.007993982,0.260605029,TRUE,FALSE,0.320027317,1
0.104346659,0.061783251,0.108266676,0.316509327,0.144670434,0.191282506,0.073141148,TRUE,FALSE,0.578492508,0
0.134049243,0.136739758,0.158766063,0.233845316,0.078580867,0.148559053,0.109459701,TRUE,FALSE,0.025689645,0
0.045007605,0.078668595,0.129041503,0.254971886,0.029365326,0.018033597,0.444911488,TRUE,FALSE,0.47849107,0
0.245534731,0.217293001,0.025076491,0.016367625,0.03107299,0.245550844,0.219104318,TRUE,FALSE,0.637774142,1
0.328224892,0.008126925,0.131930005,0.223698703,0.055643208,0.070391532,0.181984735,TRUE,FALSE,0.80992442,1
0.15319778,0.229390952,0.079463321,0.17934797,0.109901971,0.036880689,0.211817316,FALSE,TRUE,0.358621582,0
0.407193557,0.003555489,0.063772188,0.009842009,0.244472059,0.203521788,0.067642909,TRUE,FALSE,0.930642476,1
0.20252819,0.065944898,0.0830126,0.14364197,0.280386226,0.068752837,0.155733279,TRUE,FALSE,0.062036764,1
0.043604425,0.074179461,0.018584313,0.112912666,0.641399767,0.063229867,0.046089501,TRUE,FALSE,0.115146178,0
0.361410602,0.090161643,0.082420421,0.181367883,0.098172655,0.17579652,0.010670275,TRUE,FALSE,0.940503953,1
0.144184196,0.426019367,0.022628126,0.089430495,0.126892158,0.120115825,0.070729834,TRUE,FALSE,0.162537987,0
0.276824413,0.009547722,0.23789092,0.294562786,0.059494837,0.010540951,0.111138371,FALSE,TRUE,0.345480854,1
0.247615741,0.118447322,0.012589447,0.127170235,0.363688611,0.076923831,0.053564813,TRUE,FALSE,0.151445522,1
0.067370102,0.107597221,0.009986909,0.333438132,0.167184777,0.104965274,0.209457585,FALSE,TRUE,0.476838878,0
0.103009182,0.182719013,0.158477528,0.033605183,0.292939418,0.013753567,0.21549611,FALSE,TRUE,0.177153523,1
0.175391279,0.005632734,0.071218968,0.099485902,0.119044861,0.37641903,0.152807226,FALSE,TRUE,0.809675036,1
0.322565182,0.002394015,0.434182878,0.009663642,0.180688059,0.03529549,0.015210734,FALSE,TRUE,0.643956579,1
0.094237462,0.011025905,0.179789496,0.457245466,0.094957284,0.047901738,0.114842649,FALSE,TRUE,0.441150552,0
0.045266732,0.062517536,0.142525121,0.014356884,0.050093477,0.557509549,0.127730702,TRUE,FALSE,0.247399747,1
0.392422845,0.035081997,0.104606494,0.002815198,0.126912936,0.004143482,0.334017048,TRUE,FALSE,0.787742188,1
0.073256739,0.399159192,0.172170392,0.10291917,0.215845058,0.002730265,0.033919184,FALSE,TRUE,0.244161609,0
0.100649983,0.053708639,0.213120865,0.336327298,0.2374998,0.034851584,0.02384183,FALSE,TRUE,0.007334151,0
0.003519551,0.1084667,0.098918039,0.702344299,0.030345279,0.040184188,0.016221944,TRUE,FALSE,0.777811244,0
0.236724173,0.319300324,0.101961568,0.08220287,0.054946611,0.121889229,0.082975226,FALSE,TRUE,0.169887073,0
0.018262131,0.017699274,0.098332271,0.037956716,0.059644841,0.613000202,0.155104566,TRUE,FALSE,0.142556555,1
0.119172478,0.200252095,0.01976684,0.001038595,0.274727056,0.254119333,0.130923604,TRUE,FALSE,0.415443001,0
0.003989489,0.067076464,0.032000654,0.017012011,0.5155718,0.150184025,0.214165557,TRUE,FALSE,0.393147129,0
0.057108851,0.021541611,0.041664208,0.337309438,0.239038573,0.167210888,0.136126433,TRUE,FALSE,0.437051522,0
0.098690788,0.104124605,0.185394564,0.039242346,0.116100349,0.325592163,0.130855185,TRUE,FALSE,0.630717444,1
0.231109666,0.162697628,0.002887709,0.037199908,0.285603819,0.054666662,0.225834608,TRUE,FALSE,0.521884328,1
0.008352212,0.023723628,0.373882855,0.262041719,0.125334959,0.073032295,0.133632332,FALSE,TRUE,0.996526309,1
0.020209309,0.156543867,0.070136231,0.019854661,0.024045043,0.414724837,0.294486051,TRUE,FALSE,0.991532776,0
0.053996862,0.101521735,0.255730584,0.152857358,0.125277456,0.102373943,0.208242062,TRUE,FALSE,0.161457834,1
0.146889654,0.185578837,0.194414069,0.054288513,0.312081725,0.005874521,0.100872682,FALSE,TRUE,0.699339466,1
0.101423783,0.345090567,0.134379274,0.055057423,0.181926771,0.035342102,0.146780079,TRUE,FALSE,0.911959584,0
0.012487489,0.235238729,0.040088526,0.076330493,0.106675912,0.473988787,0.055190064,TRUE,FALSE,0.318689604,0
0.038160126,0.047506252,0.294378097,0.021685942,0.010843543,0.432512664,0.154913376,TRUE,FALSE,0.253612771,1
0.232733762,0.073010517,0.154538154,0.029392692,0.200907639,0.0860547,0.223362536,TRUE,FALSE,0.611646419,1
0.100984085,0.085071547,0.114237833,0.051805394,0.057569152,0.450442599,0.13988939,TRUE,FALSE,0.594049466,1
0.128036402,0.010026416,0.256008829,0.028057359,0.184560948,0.212929439,0.180380607,FALSE,TRUE,0.014608997,1
0.091520006,0.190149686,0.100378208,0.407815792,0.075638829,0.071164342,0.063333137,TRUE,FALSE,0.557404964,0
0.133765838,0.118375594,0.179655984,0.236535511,0.184500215,0.002084139,0.145082718,TRUE,FALSE,0.879752402,0
0.009625516,0.05011124,0.434191163,0.056443045,0.047541871,0.028347297,0.373739868,FALSE,TRUE,0.356571326,1
